Brazil,Serie_A,2017,13/05/2017,20:00,Flamengo_RJ,Atletico-MG,1,1,D,1.91,3.7,4.34,1.95,3.7,4.75,1.87,3.49,4.04
Brazil,Serie_A,2017,13/05/2017,23:00,Corinthians,Chapecoense-SC,1,1,D,1.37,4.85,10.91,1.37,5,12.4,1.34,4.55,9.79
Brazil,Serie_A,2017,14/05/2017,15:00,Fluminense,Santos,3,2,H,2.01,3.75,3.83,2.01,3.75,4.33,1.92,3.43,3.9
Brazil,Serie_A,2017,14/05/2017,20:00,Avai,Vitoria,0,0,D,2.39,3.31,3.29,2.45,3.31,3.4,2.32,3.11,3.15
Brazil,Serie_A,2017,14/05/2017,20:00,Bahia,Atletico-PR,6,2,H,1.73,3.61,5.91,1.79,3.61,6,1.72,3.37,5.25
Brazil,Serie_A,2017,14/05/2017,20:00,Cruzeiro,Sao_Paulo,1,0,H,2.04,3.29,4.32,2.05,3.34,4.5,1.99,3.19,3.95
Brazil,Serie_A,2017,14/05/2017,20:00,Palmeiras,Vasco,4,0,H,1.42,4.96,8.52,1.44,4.96,9.4,1.4,4.41,7.88
Brazil,Serie_A,2017,14/05/2017,20:00,Ponte_Preta,Sport_Recife,4,0,H,1.63,4.02,6.24,1.75,4.02,6.5,1.61,3.69,5.65
Brazil,Serie_A,2017,14/05/2017,23:00,Gremio,Botafogo_RJ,2,0,H,1.72,3.69,5.77,1.75,3.94,6.3,1.69,3.48,5.27
Brazil,Serie_A,2017,16/05/2017,00:00,Coritiba,Atletico_GO,4,1,H,1.63,3.79,6.75,1.69,3.79,6.75,1.6,3.6,5.99
Brazil,Serie_A,2017,20/05/2017,20:00,Santos,Coritiba,1,0,H,1.6,4.14,6.3,1.67,4.3,6.8,1.58,3.88,5.56
Brazil,Serie_A,2017,20/05/2017,23:00,Atletico_GO,Flamengo_RJ,0,3,A,4.42,3.52,1.94,4.6,3.52,2,4.02,3.32,1.92
Brazil,Serie_A,2017,20/05/2017,23:00,Chapecoense-SC,Palmeiras,1,0,H,3.18,3.42,2.39,3.4,3.42,2.43,3.03,3.19,2.34
Brazil,Serie_A,2017,21/05/2017,15:00,Vasco,Bahia,2,1,H,1.88,3.65,4.58,1.89,3.72,4.84,1.82,3.46,4.31
Brazil,Serie_A,2017,21/05/2017,20:00,Atletico-MG,Fluminense,1,2,A,1.68,4.22,5.21,1.7,4.22,5.7,1.64,3.92,4.91
Brazil,Serie_A,2017,21/05/2017,20:00,Atletico-PR,Gremio,0,2,A,2.63,3.13,3.07,2.7,3.15,3.07,2.53,3.02,2.89
Brazil,Serie_A,2017,21/05/2017,20:00,Vitoria,Corinthians,0,1,A,3.25,3.36,2.38,3.32,3.36,2.5,3.13,3.12,2.32
Brazil,Serie_A,2017,21/05/2017,22:00,Botafogo_RJ,Ponte_Preta,2,0,H,2.14,3.34,3.88,2.14,3.38,4,2.06,3.22,3.63
Brazil,Serie_A,2017,21/05/2017,23:00,Sport_Recife,Cruzeiro,1,1,D,2.73,3.21,2.88,3,3.25,2.9,2.61,3.13,2.72
Brazil,Serie_A,2017,23/05/2017,00:00,Sao_Paulo,Avai,2,0,H,1.33,5.3,11.75,1.36,5.6,13,1.32,4.82,9.71
Brazil,Serie_A,2017,27/05/2017,20:00,Vasco,Fluminense,3,2,H,2.74,3.47,2.69,2.81,3.47,2.78,2.63,3.23,2.62
Brazil,Serie_A,2017,27/05/2017,23:00,Sao_Paulo,Palmeiras,2,0,H,2.57,3.28,3.01,2.63,3.28,3.1,2.47,3.11,2.9
Brazil,Serie_A,2017,28/05/2017,01:00,Vitoria,Coritiba,0,1,A,2.23,3.32,3.63,2.23,3.35,3.8,2.14,3.19,3.46
Brazil,Serie_A,2017,28/05/2017,15:00,Atletico-MG,Ponte_Preta,2,2,D,1.55,4.17,7.15,1.57,4.3,7.5,1.51,4.1,6.09
Brazil,Serie_A,2017,28/05/2017,20:00,Atletico_GO,Corinthians,0,1,A,4.28,3.4,2.01,4.7,3.4,2.05,4.06,3.23,1.94
Brazil,Serie_A,2017,28/05/2017,20:00,Atletico-PR,Flamengo_RJ,1,1,D,2.99,3.32,2.53,3.2,3.35,2.66,2.87,3.13,2.48
Brazil,Serie_A,2017,28/05/2017,20:00,Santos,Cruzeiro,0,1,A,1.96,3.58,4.25,2.03,3.58,4.25,1.97,3.31,3.86
Brazil,Serie_A,2017,28/05/2017,22:00,Sport_Recife,Gremio,4,3,H,1.94,3.41,4.62,1.98,3.5,4.62,1.89,3.29,4.23
Brazil,Serie_A,2017,28/05/2017,23:00,Botafogo_RJ,Bahia,1,0,H,2.06,3.33,4.04,2.11,3.56,4.68,1.99,3.27,3.86
Brazil,Serie_A,2017,30/05/2017,00:00,Chapecoense-SC,Avai,2,0,H,1.6,3.85,7.16,1.62,3.85,7.25,1.58,3.62,6.19
Brazil,Serie_A,2017,03/06/2017,20:00,Coritiba,Atletico-PR,1,0,H,1.93,3.36,4.8,1.94,3.58,5.1,1.86,3.27,4.4
Brazil,Serie_A,2017,03/06/2017,22:00,Fluminense,Vitoria,2,1,H,1.58,4.22,6.46,1.58,4.45,6.8,1.53,4.05,5.92
Brazil,Serie_A,2017,03/06/2017,23:00,Corinthians,Santos,2,0,H,1.75,3.7,5.51,1.86,3.7,5.54,1.74,3.45,4.9
Brazil,Serie_A,2017,04/06/2017,15:00,Avai,Sport_Recife,1,0,H,2.47,3.22,3.22,2.5,3.28,3.25,2.4,3.08,3.04
Brazil,Serie_A,2017,04/06/2017,15:00,Flamengo_RJ,Botafogo_RJ,0,0,D,1.65,3.81,6.45,1.74,3.81,6.45,1.65,3.62,5.37
Brazil,Serie_A,2017,04/06/2017,20:00,Gremio,Vasco,2,0,H,1.4,4.83,9.55,1.48,4.83,10,1.39,4.4,8.36
Brazil,Serie_A,2017,04/06/2017,20:00,Palmeiras,Atletico-MG,0,0,D,1.76,3.83,5.14,1.79,3.94,5.14,1.73,3.69,4.53
Brazil,Serie_A,2017,04/06/2017,20:00,Ponte_Preta,Sao_Paulo,1,0,H,2.45,3.29,3.19,2.56,3.29,3.19,2.44,3.12,2.94
Brazil,Serie_A,2017,04/06/2017,23:00,Cruzeiro,Chapecoense-SC,0,2,A,1.56,3.95,7.79,1.6,3.95,7.79,1.53,3.73,6.59
Brazil,Serie_A,2017,06/06/2017,00:00,Bahia,Atletico_GO,3,0,H,1.48,4.69,7.37,1.49,4.8,7.95,1.45,4.27,6.92
Brazil,Serie_A,2017,07/06/2017,00:00,Fluminense,Atletico-PR,1,1,D,1.71,3.88,5.46,1.72,3.96,6,1.63,3.67,5.43
Brazil,Serie_A,2017,07/06/2017,23:30,Atletico-MG,Avai,1,0,H,1.32,5.54,11.57,1.35,5.54,12,1.31,5.03,9.66
Brazil,Serie_A,2017,07/06/2017,23:30,Coritiba,Palmeiras,1,0,H,2.56,3.2,3.1,2.57,3.26,3.13,2.44,3.09,2.95
Brazil,Serie_A,2017,08/06/2017,01:00,Santos,Botafogo_RJ,1,0,H,1.75,3.85,5.18,1.76,3.86,5.6,1.7,3.57,4.91
Brazil,Serie_A,2017,08/06/2017,01:45,Sport_Recife,Flamengo_RJ,2,0,H,3.23,3.33,2.4,3.3,3.34,2.54,3.05,3.15,2.35
Brazil,Serie_A,2017,08/06/2017,01:45,Vasco,Corinthians,2,5,A,2.6,3.31,2.96,2.67,3.35,3.05,2.51,3.11,2.84
Brazil,Serie_A,2017,08/06/2017,23:30,Atletico_GO,Ponte_Preta,3,0,H,3.19,3.45,2.37,3.21,3.45,2.45,3.02,3.22,2.33
Brazil,Serie_A,2017,08/06/2017,23:30,Sao_Paulo,Vitoria,2,0,H,1.43,4.58,9.44,1.44,4.6,9.44,1.4,4.33,8.02
Brazil,Serie_A,2017,09/06/2017,00:00,Chapecoense-SC,Gremio,3,6,A,2.57,3.22,3.07,2.6,3.24,3.07,2.5,3.07,2.89
Brazil,Serie_A,2017,09/06/2017,01:00,Bahia,Cruzeiro,1,0,H,2.37,3.27,3.36,2.48,3.34,3.36,2.31,3.12,3.14
Brazil,Serie_A,2017,10/06/2017,20:00,Palmeiras,Fluminense,3,1,H,1.54,4.21,7.19,1.65,4.23,7.5,1.55,3.81,6.11
Brazil,Serie_A,2017,10/06/2017,23:00,Vasco,Sport_Recife,2,1,H,1.77,3.8,5.06,1.83,3.89,5.3,1.75,3.61,4.54
Brazil,Serie_A,2017,11/06/2017,15:00,Botafogo_RJ,Coritiba,2,2,D,2.08,3.26,4.22,2.1,3.34,4.33,2.01,3.15,3.91
Brazil,Serie_A,2017,11/06/2017,20:00,Avai,Flamengo_RJ,1,1,D,3.75,3.33,2.18,3.86,3.4,2.2,3.52,3.2,2.1
Brazil,Serie_A,2017,11/06/2017,20:00,Corinthians,Sao_Paulo,3,2,H,2,3.27,4.55,2.02,3.36,4.79,1.95,3.18,4.15
Brazil,Serie_A,2017,11/06/2017,20:00,Ponte_Preta,Chapecoense-SC,3,2,H,1.88,3.51,4.81,1.93,3.58,4.81,1.85,3.36,4.33
Brazil,Serie_A,2017,11/06/2017,20:00,Vitoria,Atletico-MG,2,0,H,2.61,3.45,2.84,2.82,3.45,2.84,2.59,3.28,2.64
Brazil,Serie_A,2017,11/06/2017,22:30,Cruzeiro,Atletico_GO,2,0,H,1.38,4.87,10.23,1.4,5.02,10.5,1.36,4.68,8.48
Brazil,Serie_A,2017,11/06/2017,23:00,Atletico-PR,Santos,0,2,A,2.12,3.31,3.97,2.15,3.35,4.2,2.04,3.18,3.77
Brazil,Serie_A,2017,13/06/2017,00:00,Gremio,Bahia,1,0,H,1.53,4.15,7.76,1.57,4.15,7.84,1.53,3.89,6.45
Brazil,Serie_A,2017,14/06/2017,23:30,Atletico_GO,Avai,3,1,H,1.97,3.38,4.52,1.99,3.42,4.52,1.92,3.26,4.12
Brazil,Serie_A,2017,14/06/2017,23:30,Atletico-MG,Atletico-PR,0,1,A,1.6,4.11,6.36,1.62,4.11,6.8,1.57,3.85,5.82
Brazil,Serie_A,2017,14/06/2017,23:30,Sport_Recife,Sao_Paulo,0,0,D,2.47,3.35,3.11,2.5,3.35,3.14,2.38,3.19,2.96
Brazil,Serie_A,2017,14/06/2017,23:30,Vitoria,Botafogo_RJ,2,2,D,2.33,3.29,3.42,2.33,3.29,3.56,2.25,3.11,3.31
Brazil,Serie_A,2017,15/06/2017,01:00,Flamengo_RJ,Ponte_Preta,2,0,H,1.56,4.2,6.95,1.59,4.23,6.95,1.55,3.92,5.96
Brazil,Serie_A,2017,15/06/2017,01:45,Chapecoense-SC,Vasco,2,1,H,1.76,3.71,5.31,1.78,3.86,5.4,1.74,3.51,4.75
Brazil,Serie_A,2017,15/06/2017,01:45,Corinthians,Cruzeiro,1,0,H,1.91,3.48,4.68,1.95,3.56,5.1,1.82,3.33,4.59
Brazil,Serie_A,2017,15/06/2017,01:45,Santos,Palmeiras,1,0,H,2.25,3.44,3.44,2.38,3.54,3.6,2.23,3.23,3.2
Brazil,Serie_A,2017,15/06/2017,20:00,Coritiba,Bahia,0,0,D,1.92,3.45,4.67,1.96,3.54,5.2,1.83,3.31,4.56
Brazil,Serie_A,2017,16/06/2017,01:00,Fluminense,Gremio,0,2,A,2.54,3.31,3.03,2.66,3.31,3.11,2.45,3.15,2.89
Brazil,Serie_A,2017,17/06/2017,20:00,Atletico_GO,Atletico-PR,0,1,A,2.32,3.32,3.42,2.5,3.32,3.42,2.28,3.15,3.17
Brazil,Serie_A,2017,17/06/2017,23:00,Vasco,Avai,1,0,H,1.46,4.4,8.77,1.5,4.4,8.77,1.46,4.08,7.16
Brazil,Serie_A,2017,18/06/2017,01:00,Santos,Ponte_Preta,0,0,D,1.76,3.64,5.47,1.77,3.72,6.32,1.68,3.53,5.29
Brazil,Serie_A,2017,18/06/2017,15:00,Coritiba,Corinthians,0,0,D,2.81,3.13,2.86,2.89,3.14,2.86,2.71,2.99,2.73
Brazil,Serie_A,2017,18/06/2017,20:00,Bahia,Palmeiras,2,4,A,2.47,3.27,3.17,2.5,3.34,3.3,2.38,3.08,3.07
Brazil,Serie_A,2017,18/06/2017,20:00,Chapecoense-SC,Botafogo_RJ,0,2,A,1.85,3.54,4.91,1.88,3.6,5.2,1.81,3.39,4.49
Brazil,Serie_A,2017,18/06/2017,20:00,Fluminense,Flamengo_RJ,2,2,D,3.87,3.5,2.08,3.89,3.5,2.15,3.53,3.3,2.08
Brazil,Serie_A,2017,18/06/2017,20:00,Sao_Paulo,Atletico-MG,1,2,A,1.68,3.99,5.55,1.73,3.99,5.55,1.67,3.73,5.01
Brazil,Serie_A,2017,18/06/2017,23:00,Sport_Recife,Vitoria,1,3,A,1.69,3.78,5.89,1.73,3.92,5.9,1.68,3.6,5.13
Brazil,Serie_A,2017,20/06/2017,00:00,Cruzeiro,Gremio,3,3,D,2.54,3.26,3.08,2.54,3.26,3.6,2.24,3.12,3.27
Brazil,Serie_A,2017,21/06/2017,23:30,Vitoria,Santos,0,2,A,2.44,3.31,3.2,2.54,3.32,3.25,2.4,3.14,2.99
Brazil,Serie_A,2017,22/06/2017,01:00,Botafogo_RJ,Vasco,3,1,H,2.08,3.45,3.93,2.12,3.54,4.1,2.03,3.32,3.63
Brazil,Serie_A,2017,22/06/2017,01:00,Palmeiras,Atletico_GO,1,0,H,1.25,6.21,15.6,1.28,6.3,15.6,1.24,5.56,11.9
Brazil,Serie_A,2017,22/06/2017,01:45,Atletico-MG,Sport_Recife,2,2,D,1.46,4.7,7.75,1.49,4.8,7.8,1.44,4.35,6.88
Brazil,Serie_A,2017,22/06/2017,01:45,Atletico-PR,Sao_Paulo,1,0,H,2.58,3.11,3.17,2.63,3.24,3.25,2.44,3.02,3.04
Brazil,Serie_A,2017,22/06/2017,01:45,Avai,Fluminense,0,3,A,3.17,3.24,2.5,3.17,3.26,2.6,2.9,3.12,2.46
Brazil,Serie_A,2017,22/06/2017,23:30,Corinthians,Bahia,3,0,H,1.53,4.15,7.53,1.53,4.3,8.5,1.49,3.92,6.99
Brazil,Serie_A,2017,22/06/2017,23:30,Ponte_Preta,Cruzeiro,1,0,H,2.19,3.33,3.72,2.3,3.34,3.72,2.17,3.19,3.35
Brazil,Serie_A,2017,23/06/2017,01:00,Flamengo_RJ,Chapecoense-SC,5,1,H,1.5,4.42,7.69,1.53,4.42,7.69,1.48,4.13,6.73
Brazil,Serie_A,2017,23/06/2017,01:00,Gremio,Coritiba,2,0,H,1.55,4.18,7.06,1.57,4.22,7.66,1.53,3.88,6.29
Brazil,Serie_A,2017,24/06/2017,23:00,Santos,Sport_Recife,0,1,A,1.44,4.55,8.98,1.49,4.7,8.98,1.45,4.16,7.28
Brazil,Serie_A,2017,25/06/2017,15:00,Vasco,Atletico_GO,1,0,H,1.56,4.2,6.95,1.57,4.3,7.2,1.54,3.94,6.1
Brazil,Serie_A,2017,25/06/2017,20:00,Atletico-PR,Vitoria,4,1,H,1.85,3.59,4.85,1.86,3.64,5.35,1.78,3.43,4.65
Brazil,Serie_A,2017,25/06/2017,20:00,Cruzeiro,Coritiba,2,0,H,1.59,3.99,6.85,1.59,4,7.27,1.56,3.71,6.32
Brazil,Serie_A,2017,25/06/2017,20:00,Gremio,Corinthians,0,1,A,1.88,3.44,4.93,1.88,3.58,4.93,1.84,3.38,4.37
Brazil,Serie_A,2017,25/06/2017,20:00,Ponte_Preta,Palmeiras,1,2,A,2.81,3.36,2.7,2.95,3.36,2.7,2.74,3.15,2.58
Brazil,Serie_A,2017,25/06/2017,20:00,Sao_Paulo,Fluminense,1,1,D,1.71,3.95,5.3,1.75,4.05,5.4,1.68,3.74,4.85
Brazil,Serie_A,2017,25/06/2017,22:30,Bahia,Flamengo_RJ,0,1,A,2.74,3.41,2.73,2.77,3.48,2.75,2.6,3.28,2.62
Brazil,Serie_A,2017,25/06/2017,23:00,Chapecoense-SC,Atletico-MG,0,1,A,1.74,3.92,5.16,1.77,3.98,5.16,1.72,3.7,4.61
Brazil,Serie_A,2017,27/06/2017,00:00,Botafogo_RJ,Avai,0,2,A,1.43,4.38,10.2,1.46,4.49,11.5,1.42,4.12,8.31
Brazil,Serie_A,2017,01/07/2017,20:00,Palmeiras,Gremio,1,0,H,1.92,3.47,4.66,2.05,3.76,4.66,1.9,3.38,4.1
Brazil,Serie_A,2017,01/07/2017,23:00,Atletico_GO,Santos,1,1,D,2.72,3.29,2.83,2.8,3.4,2.88,2.63,3.14,2.7
Brazil,Serie_A,2017,02/07/2017,20:00,Atletico-MG,Cruzeiro,3,1,H,2.49,3.41,3.03,2.52,3.41,3.2,2.38,3.2,2.98
Brazil,Serie_A,2017,02/07/2017,20:00,Corinthians,Botafogo_RJ,1,0,H,1.55,4.16,7.19,1.59,4.2,7.4,1.53,3.9,6.28
Brazil,Serie_A,2017,02/07/2017,20:00,Flamengo_RJ,Sao_Paulo,2,0,H,1.61,4.08,6.28,1.66,4.1,6.28,1.59,3.81,5.7
Brazil,Serie_A,2017,02/07/2017,20:00,Sport_Recife,Atletico-PR,1,0,H,1.67,3.78,6.19,1.7,3.84,6.19,1.64,3.62,5.49
Brazil,Serie_A,2017,02/07/2017,20:00,Vitoria,Bahia,0,0,D,2.57,3.3,3,2.67,3.3,3.16,2.47,3.1,2.92
Brazil,Serie_A,2017,02/07/2017,23:00,Avai,Ponte_Preta,0,0,D,2.93,3.01,2.84,2.99,3.05,2.87,2.81,2.91,2.7
Brazil,Serie_A,2017,02/07/2017,23:00,Coritiba,Vasco,2,2,D,1.93,3.45,4.52,1.96,3.45,4.75,1.88,3.31,4.23
Brazil,Serie_A,2017,04/07/2017,00:00,Fluminense,Chapecoense-SC,3,3,D,1.74,3.74,5.5,1.75,4,5.7,1.7,3.65,4.9
Brazil,Serie_A,2017,08/07/2017,20:00,Atletico_GO,Vitoria,1,2,A,2.17,3.3,3.84,2.33,3.35,3.88,2.15,3.18,3.45
Brazil,Serie_A,2017,08/07/2017,22:00,Vasco,Flamengo_RJ,0,1,A,3.99,3.53,2.04,3.99,3.53,2.15,3.64,3.33,2.01
Brazil,Serie_A,2017,08/07/2017,23:00,Corinthians,Ponte_Preta,2,0,H,1.72,3.68,5.74,1.72,3.98,6.56,1.66,3.52,5.51
Brazil,Serie_A,2017,09/07/2017,15:00,Chapecoense-SC,Atletico-PR,1,1,D,1.88,3.56,4.76,1.88,3.56,4.99,1.82,3.36,4.53
Brazil,Serie_A,2017,09/07/2017,20:00,Bahia,Fluminense,1,1,D,2.22,3.6,3.37,2.28,3.6,3.56,2.12,3.39,3.31
Brazil,Serie_A,2017,09/07/2017,20:00,Cruzeiro,Palmeiras,3,1,H,2.14,3.21,4.06,2.2,3.3,4.06,2.08,3.22,3.61
Brazil,Serie_A,2017,09/07/2017,20:00,Gremio,Avai,0,2,A,1.21,6.99,18.91,1.26,6.99,18.91,1.22,5.77,13.25
Brazil,Serie_A,2017,09/07/2017,23:00,Botafogo_RJ,Atletico-MG,1,1,D,2.03,3.47,4.07,2.2,3.66,4.07,2.02,3.3,3.69
Brazil,Serie_A,2017,09/07/2017,23:00,Santos,Sao_Paulo,3,2,H,2.32,3.39,3.33,2.34,3.4,3.7,2.21,3.2,3.3
Brazil,Serie_A,2017,11/07/2017,00:00,Coritiba,Sport_Recife,0,3,A,1.78,3.57,5.52,1.86,3.57,5.52,1.77,3.38,4.83
Brazil,Serie_A,2017,12/07/2017,23:30,Atletico-MG,Santos,0,1,A,1.63,4.03,6.16,1.68,4.03,6.16,1.61,3.76,5.53
Brazil,Serie_A,2017,12/07/2017,23:30,Ponte_Preta,Bahia,0,3,A,1.91,3.44,4.73,1.95,3.56,4.9,1.87,3.31,4.29
Brazil,Serie_A,2017,13/07/2017,01:00,Fluminense,Botafogo_RJ,0,1,A,2.1,3.34,4.03,2.27,3.38,4.03,2.07,3.23,3.61
Brazil,Serie_A,2017,13/07/2017,01:45,Atletico-PR,Cruzeiro,0,2,A,2.73,3.33,2.79,2.79,3.35,2.95,2.62,3.1,2.74
Brazil,Serie_A,2017,13/07/2017,01:45,Palmeiras,Corinthians,0,2,A,2.24,3.4,3.52,2.24,3.4,3.7,2.13,3.23,3.43
Brazil,Serie_A,2017,13/07/2017,01:45,Vitoria,Vasco,1,4,A,1.89,3.73,4.38,1.98,3.73,4.6,1.85,3.5,4.1
Brazil,Serie_A,2017,13/07/2017,23:30,Flamengo_RJ,Gremio,0,1,A,1.88,3.65,4.57,1.92,3.65,4.61,1.83,3.44,4.3
Brazil,Serie_A,2017,13/07/2017,23:30,Sao_Paulo,Atletico_GO,2,2,D,1.39,5,9.24,1.39,5.14,10.02,1.36,4.65,8.56
Brazil,Serie_A,2017,13/07/2017,23:30,Sport_Recife,Chapecoense-SC,3,0,H,1.96,3.64,4.15,1.99,3.72,4.32,1.91,3.48,3.85
Brazil,Serie_A,2017,14/07/2017,01:00,Avai,Coritiba,1,4,A,2.73,3.17,2.91,2.76,3.2,2.95,2.61,3,2.81
Brazil,Serie_A,2017,15/07/2017,23:00,Corinthians,Atletico-PR,2,2,D,1.5,4.32,8,1.5,4.45,9.36,1.45,4.1,7.43
Brazil,Serie_A,2017,16/07/2017,15:00,Palmeiras,Vitoria,4,2,H,1.28,5.95,13.3,1.31,6.16,13.35,1.26,5.46,10.8
Brazil,Serie_A,2017,16/07/2017,20:00,Atletico_GO,Atletico-MG,1,2,A,3.35,3.55,2.25,3.48,3.58,2.31,3.19,3.31,2.2
Brazil,Serie_A,2017,16/07/2017,20:00,Chapecoense-SC,Sao_Paulo,2,0,H,2.74,3.34,2.78,2.88,3.35,2.78,2.68,3.2,2.6
Brazil,Serie_A,2017,16/07/2017,20:00,Cruzeiro,Flamengo_RJ,1,1,D,2.44,3.33,3.18,2.57,3.35,3.18,2.38,3.23,2.94
Brazil,Serie_A,2017,16/07/2017,20:00,Gremio,Ponte_Preta,3,1,H,1.53,4.24,7.34,1.54,4.4,8.22,1.5,3.93,6.77
Brazil,Serie_A,2017,16/07/2017,20:00,Vasco,Santos,0,0,D,2.51,3.39,3.01,2.66,3.4,3.01,2.46,3.24,2.83
Brazil,Serie_A,2017,16/07/2017,23:00,Bahia,Avai,1,1,D,1.5,4.19,8.5,1.53,4.2,8.5,1.46,4.01,7.48
Brazil,Serie_A,2017,16/07/2017,23:00,Coritiba,Fluminense,1,2,A,2.06,3.51,3.93,2.2,3.51,3.93,2.04,3.36,3.54
Brazil,Serie_A,2017,18/07/2017,00:00,Botafogo_RJ,Sport_Recife,2,1,H,2.01,3.45,4.23,2.13,3.66,4.51,1.92,3.33,4.01
Brazil,Serie_A,2017,19/07/2017,23:30,Santos,Chapecoense-SC,1,0,H,1.72,3.84,5.44,1.75,3.9,5.5,1.69,3.67,4.91
Brazil,Serie_A,2017,19/07/2017,23:30,Vitoria,Gremio,1,3,A,3.14,3.38,2.43,3.3,3.44,2.43,3.09,3.25,2.28
Brazil,Serie_A,2017,20/07/2017,01:00,Avai,Corinthians,0,0,D,4.35,3.34,2.02,4.5,3.35,2.07,3.97,3.19,1.98
Brazil,Serie_A,2017,20/07/2017,01:00,Ponte_Preta,Coritiba,4,0,H,1.96,3.41,4.52,1.99,3.44,4.66,1.9,3.28,4.21
Brazil,Serie_A,2017,20/07/2017,01:45,Atletico-MG,Bahia,0,2,A,1.79,3.63,5.18,1.79,3.8,5.46,1.72,3.57,4.79
Brazil,Serie_A,2017,20/07/2017,01:45,Flamengo_RJ,Palmeiras,2,2,D,1.8,3.78,4.86,1.82,3.78,5.2,1.76,3.52,4.59
Brazil,Serie_A,2017,20/07/2017,01:45,Sao_Paulo,Vasco,1,0,H,1.55,4.35,6.71,1.61,4.4,6.71,1.54,3.95,5.99
Brazil,Serie_A,2017,20/07/2017,23:30,Fluminense,Cruzeiro,1,1,D,2.51,3.41,3,2.59,3.41,3.02,2.44,3.2,2.85
Brazil,Serie_A,2017,21/07/2017,00:00,Sport_Recife,Atletico_GO,4,0,H,1.49,4.44,7.77,1.5,4.6,8.03,1.47,4.16,6.8
Brazil,Serie_A,2017,21/07/2017,01:00,Atletico-PR,Botafogo_RJ,0,0,D,2.29,3.2,3.62,2.31,3.22,3.7,2.21,3.08,3.42
Brazil,Serie_A,2017,22/07/2017,20:00,Vitoria,Chapecoense-SC,1,2,A,2.16,3.51,3.6,2.35,3.56,3.6,2.14,3.33,3.32
Brazil,Serie_A,2017,22/07/2017,23:00,Flamengo_RJ,Coritiba,2,1,H,1.4,4.86,9.31,1.41,4.93,9.55,1.38,4.55,8.1
Brazil,Serie_A,2017,23/07/2017,15:00,Santos,Bahia,3,0,H,1.99,3.41,4.35,2.01,3.46,4.45,1.95,3.28,3.94
Brazil,Serie_A,2017,23/07/2017,20:00,Avai,Cruzeiro,1,0,H,4.17,3.35,2.05,4.33,3.44,2.07,3.92,3.2,1.98
Brazil,Serie_A,2017,23/07/2017,20:00,Fluminense,Corinthians,0,1,A,2.82,3.36,2.68,2.95,3.38,2.72,2.74,3.16,2.57
Brazil,Serie_A,2017,23/07/2017,20:00,Sport_Recife,Palmeiras,0,2,A,2.2,3.53,3.48,2.25,3.64,3.66,2.08,3.37,3.43
Brazil,Serie_A,2017,23/07/2017,23:00,Atletico_GO,Botafogo_RJ,1,1,D,2.44,3.15,3.36,2.62,3.18,3.36,2.39,3.02,3.12
Brazil,Serie_A,2017,23/07/2017,23:00,Atletico-MG,Vasco,1,2,A,1.74,3.83,5.35,1.85,3.98,5.35,1.75,3.61,4.52
Brazil,Serie_A,2017,23/07/2017,23:00,Atletico-PR,Ponte_Preta,0,2,A,2.29,3.26,3.55,2.32,3.28,3.8,2.18,3.09,3.43
Brazil,Serie_A,2017,25/07/2017,00:00,Sao_Paulo,Gremio,1,1,D,2.4,3.34,3.24,2.57,3.48,3.35,2.3,3.12,3.15
Brazil,Serie_A,2017,29/07/2017,20:00,Botafogo_RJ,Sao_Paulo,3,4,A,2.56,3.32,3,2.56,3.38,3.2,2.41,3.12,2.97
Brazil,Serie_A,2017,29/07/2017,23:00,Palmeiras,Avai,2,0,H,1.31,5.45,12.4,1.36,5.5,12.5,1.31,4.84,10.02
Brazil,Serie_A,2017,30/07/2017,15:00,Chapecoense-SC,Atletico_GO,1,2,A,1.55,4.27,6.83,1.58,4.33,7,1.53,4.03,6.01
Brazil,Serie_A,2017,30/07/2017,20:00,Bahia,Sport_Recife,1,3,A,1.63,3.93,6.31,1.7,3.93,6.31,1.62,3.67,5.5
Brazil,Serie_A,2017,30/07/2017,20:00,Corinthians,Flamengo_RJ,1,1,D,2.58,3.19,3.08,2.58,3.25,3.21,2.43,3.11,2.96
Brazil,Serie_A,2017,30/07/2017,20:00,Coritiba,Atletico-MG,0,2,A,2.41,3.25,3.3,2.5,3.4,3.3,2.34,3.2,3.02
Brazil,Serie_A,2017,30/07/2017,23:00,Cruzeiro,Vitoria,0,0,D,1.43,4.73,8.67,1.44,4.8,8.9,1.41,4.4,7.5
Brazil,Serie_A,2017,30/07/2017,23:00,Gremio,Santos,1,1,D,1.7,3.64,6.09,1.72,3.75,6.5,1.65,3.56,5.48
Brazil,Serie_A,2017,01/08/2017,00:00,Vasco,Atletico-PR,0,1,A,2.57,3.05,3.24,2.57,3.15,3.65,2.38,2.96,3.14
Brazil,Serie_A,2017,02/08/2017,23:30,Chapecoense-SC,Bahia,1,1,D,1.94,3.49,4.5,2.1,3.54,4.5,1.95,3.3,3.94
Brazil,Serie_A,2017,02/08/2017,23:30,Sport_Recife,Fluminense,2,2,D,1.81,3.76,4.8,1.97,3.81,4.8,1.81,3.54,4.25
Brazil,Serie_A,2017,03/08/2017,01:00,Atletico-MG,Corinthians,0,2,A,2.26,3.38,3.49,2.37,3.54,3.75,2.17,3.21,3.32
Brazil,Serie_A,2017,03/08/2017,01:00,Vitoria,Ponte_Preta,3,1,H,2.31,3.4,3.36,2.43,3.42,3.38,2.27,3.22,3.12
Brazil,Serie_A,2017,03/08/2017,01:45,Atletico_GO,Gremio,0,1,A,3.7,3.48,2.14,4.1,3.68,2.18,3.56,3.29,2.04
Brazil,Serie_A,2017,03/08/2017,01:45,Botafogo_RJ,Palmeiras,1,2,A,2.86,3.19,2.77,2.87,3.25,2.8,2.71,3.09,2.64
Brazil,Serie_A,2017,03/08/2017,01:45,Santos,Flamengo_RJ,3,2,H,3,3.27,2.59,3,3.45,2.84,2.72,3.23,2.53
Brazil,Serie_A,2017,03/08/2017,23:30,Atletico-PR,Avai,5,0,H,1.71,3.56,6.24,1.78,3.72,6.24,1.69,3.39,5.42
Brazil,Serie_A,2017,03/08/2017,23:30,Sao_Paulo,Coritiba,1,2,A,1.41,4.74,9.69,1.45,4.75,10,1.4,4.3,8.17
Brazil,Serie_A,2017,04/08/2017,00:00,Vasco,Cruzeiro,0,3,A,3.44,3.18,2.38,3.44,3.25,2.55,3.1,3.05,2.38
Brazil,Serie_A,2017,05/08/2017,23:00,Corinthians,Sport_Recife,3,1,H,1.51,4.25,7.98,1.53,4.25,7.98,1.5,3.96,6.67
Brazil,Serie_A,2017,05/08/2017,23:00,Fluminense,Atletico_GO,3,1,H,1.64,4.18,5.7,1.64,4.25,6.13,1.59,3.88,5.42
Brazil,Serie_A,2017,06/08/2017,15:00,Flamengo_RJ,Vitoria,0,2,A,1.3,5.72,12,1.33,5.89,12,1.3,5.2,9.45
Brazil,Serie_A,2017,06/08/2017,20:00,Bahia,Sao_Paulo,2,1,H,2.73,3.41,2.73,2.73,3.43,2.8,2.6,3.24,2.65
Brazil,Serie_A,2017,06/08/2017,20:00,Coritiba,Chapecoense-SC,2,0,H,1.87,3.59,4.72,1.91,3.62,4.8,1.82,3.44,4.33
Brazil,Serie_A,2017,06/08/2017,20:00,Cruzeiro,Botafogo_RJ,0,0,D,1.49,4.28,8.37,1.52,4.28,9,1.46,3.97,7.37
Brazil,Serie_A,2017,06/08/2017,20:00,Gremio,Atletico-MG,2,0,H,1.65,4.02,5.87,1.78,4.02,6,1.63,3.75,5.25
Brazil,Serie_A,2017,06/08/2017,20:00,Palmeiras,Atletico-PR,0,1,A,1.65,3.89,6.25,1.66,3.89,6.5,1.6,3.65,5.81
Brazil,Serie_A,2017,06/08/2017,23:00,Avai,Santos,0,0,D,3.43,3.33,2.31,3.85,3.45,2.31,3.34,3.16,2.19
Brazil,Serie_A,2017,06/08/2017,23:00,Ponte_Preta,Vasco,0,0,D,1.68,3.78,6.03,1.71,3.82,6.03,1.65,3.6,5.32
Brazil,Serie_A,2017,10/08/2017,00:00,Ponte_Preta,Fluminense,0,0,D,2.28,3.49,3.33,2.28,3.5,3.6,2.17,3.27,3.29
Brazil,Serie_A,2017,12/08/2017,20:00,Atletico_GO,Coritiba,1,0,H,2.36,3.26,3.39,2.6,3.29,3.39,2.33,3.11,3.12
Brazil,Serie_A,2017,12/08/2017,23:00,Vitoria,Avai,0,1,A,1.65,4.03,5.88,1.69,4.05,6,1.62,3.72,5.45
Brazil,Serie_A,2017,13/08/2017,15:00,Sao_Paulo,Cruzeiro,3,2,H,1.98,3.34,4.52,1.98,3.45,4.55,1.89,3.3,4.21
Brazil,Serie_A,2017,13/08/2017,20:00,Atletico-MG,Flamengo_RJ,2,0,H,2.59,3.31,2.98,2.61,3.4,3,2.46,3.21,2.83
Brazil,Serie_A,2017,13/08/2017,20:00,Sport_Recife,Ponte_Preta,0,0,D,1.68,3.91,5.72,1.73,3.92,5.75,1.67,3.6,5.19
Brazil,Serie_A,2017,13/08/2017,20:00,Vasco,Palmeiras,1,1,D,3.6,3.3,2.25,3.6,3.38,2.33,3.36,3.19,2.18
Brazil,Serie_A,2017,13/08/2017,23:00,Atletico-PR,Bahia,4,1,H,2.05,3.37,4.16,2.11,3.46,4.6,1.96,3.21,4.01
Brazil,Serie_A,2017,13/08/2017,23:00,Botafogo_RJ,Gremio,1,0,H,2.54,3.27,3.07,2.67,3.27,3.15,2.46,3.08,2.94
Brazil,Serie_A,2017,15/08/2017,00:00,Santos,Fluminense,0,0,D,1.99,3.64,3.94,2.13,3.68,4.05,1.99,3.28,3.67
Brazil,Serie_A,2017,19/08/2017,20:00,Corinthians,Vitoria,0,1,A,1.42,4.77,9,1.46,4.85,9.8,1.42,4.36,7.48
Brazil,Serie_A,2017,19/08/2017,23:00,Flamengo_RJ,Atletico_GO,2,0,H,1.42,4.87,8.56,1.42,5,9.17,1.39,4.58,7.56
Brazil,Serie_A,2017,20/08/2017,15:00,Gremio,Atletico-PR,0,0,D,1.96,3.25,4.8,1.99,3.4,4.82,1.92,3.22,4.23
Brazil,Serie_A,2017,20/08/2017,20:00,Avai,Sao_Paulo,1,1,D,4.04,3.32,2.1,4.04,3.4,2.17,3.71,3.24,2.04
Brazil,Serie_A,2017,20/08/2017,20:00,Bahia,Vasco,3,0,H,1.92,3.57,4.49,1.97,3.57,4.6,1.87,3.4,4.17
Brazil,Serie_A,2017,20/08/2017,20:00,Cruzeiro,Sport_Recife,2,0,H,1.7,3.86,5.58,1.76,3.86,5.58,1.7,3.58,5.02
Brazil,Serie_A,2017,20/08/2017,20:00,Ponte_Preta,Botafogo_RJ,2,1,H,1.72,3.61,5.93,1.76,3.68,5.95,1.7,3.42,5.35
Brazil,Serie_A,2017,20/08/2017,23:00,Coritiba,Santos,0,0,D,2.53,3.28,3.08,2.61,3.3,3.08,2.46,3.13,2.9
Brazil,Serie_A,2017,20/08/2017,23:00,Palmeiras,Chapecoense-SC,0,2,A,1.51,4.27,7.88,1.54,4.27,8.4,1.5,3.95,6.71
Brazil,Serie_A,2017,22/08/2017,00:00,Fluminense,Atletico-MG,2,1,H,2.28,3.41,3.46,2.32,3.41,3.46,2.23,3.24,3.19
Brazil,Serie_A,2017,23/08/2017,23:30,Chapecoense-SC,Corinthians,0,1,A,2.84,3.12,2.84,2.99,3.2,2.85,2.78,3.03,2.61
Brazil,Serie_A,2017,26/08/2017,20:00,Fluminense,Vasco,0,1,A,2.11,3.34,3.9,2.16,3.52,4.15,2.04,3.22,3.74
Brazil,Serie_A,2017,26/08/2017,23:00,Corinthians,Atletico_GO,0,1,A,1.37,4.93,10.8,1.42,5.05,11,1.37,4.53,8.75
Brazil,Serie_A,2017,27/08/2017,20:00,Bahia,Botafogo_RJ,1,2,A,2.05,3.47,4,2.12,3.47,4.08,2,3.27,3.78
Brazil,Serie_A,2017,27/08/2017,20:00,Flamengo_RJ,Atletico-PR,2,0,H,1.54,4.26,7.1,1.56,4.26,7.65,1.51,3.96,6.5
Brazil,Serie_A,2017,27/08/2017,20:00,Palmeiras,Sao_Paulo,4,2,H,2.09,3.43,3.94,2.1,3.44,4.05,2.01,3.29,3.73
Brazil,Serie_A,2017,27/08/2017,20:00,Ponte_Preta,Atletico-MG,1,2,A,2.57,3.3,3,2.67,3.3,3.1,2.47,3.1,2.9
Brazil,Serie_A,2017,27/08/2017,23:00,Avai,Chapecoense-SC,1,0,H,2.72,3.02,3.06,2.81,3.07,3.08,2.6,2.92,2.9
Brazil,Serie_A,2017,27/08/2017,23:00,Cruzeiro,Santos,1,1,D,1.8,3.64,5.16,1.87,3.66,5.25,1.77,3.44,4.75
Brazil,Serie_A,2017,29/08/2017,00:00,Coritiba,Vitoria,0,1,A,2.14,3.45,3.72,2.15,3.46,3.85,2.07,3.27,3.58
Brazil,Serie_A,2017,02/09/2017,20:00,Gremio,Sport_Recife,5,0,H,1.74,3.64,5.75,1.78,3.66,5.76,1.7,3.45,5.23
Brazil,Serie_A,2017,09/09/2017,20:00,Atletico-MG,Palmeiras,1,1,D,2.09,3.55,3.78,2.17,3.58,3.83,2.07,3.3,3.54
Brazil,Serie_A,2017,09/09/2017,22:00,Vasco,Gremio,1,0,H,3.15,3.19,2.54,3.2,3.22,2.7,2.97,3.01,2.5
Brazil,Serie_A,2017,09/09/2017,23:00,Sao_Paulo,Ponte_Preta,2,2,D,1.72,3.84,5.41,1.8,4.05,6,1.68,3.63,5.06
Brazil,Serie_A,2017,10/09/2017,15:00,Atletico-PR,Coritiba,1,1,D,1.83,3.45,5.31,1.86,3.57,5.37,1.76,3.38,4.9
Brazil,Serie_A,2017,10/09/2017,20:00,Santos,Corinthians,2,0,H,2.52,3.22,3.15,2.59,3.28,3.25,2.4,3.08,3.04
Brazil,Serie_A,2017,10/09/2017,20:00,Sport_Recife,Avai,0,1,A,1.47,4.29,8.83,1.53,4.33,8.9,1.46,4,7.42
Brazil,Serie_A,2017,10/09/2017,20:00,Vitoria,Fluminense,2,2,D,2.31,3.43,3.34,2.41,3.44,3.5,2.2,3.29,3.23
Brazil,Serie_A,2017,10/09/2017,23:00,Botafogo_RJ,Flamengo_RJ,2,0,H,3.56,3.36,2.24,3.6,3.36,2.41,3.27,3.16,2.24
Brazil,Serie_A,2017,10/09/2017,23:00,Chapecoense-SC,Cruzeiro,1,2,A,3.35,3.19,2.42,3.35,3.19,2.85,2.98,3.04,2.48
Brazil,Serie_A,2017,12/09/2017,00:00,Atletico_GO,Bahia,1,1,D,2.63,3.17,3.04,2.74,3.2,3.06,2.5,3.07,2.92
Brazil,Serie_A,2017,16/09/2017,23:00,Botafogo_RJ,Santos,2,0,H,2.02,3.35,4.3,2.08,3.42,4.3,1.99,3.2,3.96
Brazil,Serie_A,2017,17/09/2017,01:00,Ponte_Preta,Atletico_GO,1,3,A,1.64,3.83,6.51,1.73,3.84,6.51,1.62,3.62,5.74
Brazil,Serie_A,2017,17/09/2017,15:00,Avai,Atletico-MG,1,1,D,3.9,3.31,2.14,3.91,3.38,2.2,3.64,3.18,2.09
Brazil,Serie_A,2017,17/09/2017,20:00,Atletico-PR,Fluminense,3,1,H,1.74,3.75,5.45,1.91,3.78,5.5,1.77,3.46,4.77
Brazil,Serie_A,2017,17/09/2017,20:00,Corinthians,Vasco,1,0,H,1.57,4.03,7.09,1.6,4.25,7.5,1.55,3.73,6.53
Brazil,Serie_A,2017,17/09/2017,20:00,Flamengo_RJ,Sport_Recife,2,0,H,1.47,4.61,7.79,1.53,4.7,7.79,1.47,4.19,6.73
Brazil,Serie_A,2017,17/09/2017,20:00,Gremio,Chapecoense-SC,0,1,A,1.65,3.83,6.27,1.68,4.05,6.52,1.64,3.61,5.61
Brazil,Serie_A,2017,17/09/2017,20:00,Vitoria,Sao_Paulo,1,2,A,2.59,3.38,2.92,2.63,3.44,3,2.48,3.25,2.79
Brazil,Serie_A,2017,17/09/2017,23:00,Cruzeiro,Bahia,1,0,H,1.52,4.17,7.85,1.57,4.55,7.85,1.51,3.9,6.79
Brazil,Serie_A,2017,19/09/2017,00:00,Palmeiras,Coritiba,1,0,H,1.43,4.68,9.06,1.48,4.75,9.06,1.42,4.3,7.72
Brazil,Serie_A,2017,23/09/2017,23:00,Flamengo_RJ,Avai,1,1,D,1.42,4.73,9.31,1.47,4.8,9.47,1.4,4.37,7.98
Brazil,Serie_A,2017,24/09/2017,01:00,Santos,Atletico-PR,1,0,H,1.97,3.43,4.42,2.14,3.54,4.42,1.97,3.22,3.98
Brazil,Serie_A,2017,24/09/2017,15:00,Sao_Paulo,Corinthians,1,1,D,2.31,3.32,3.45,2.31,3.48,3.75,2.16,3.22,3.39
Brazil,Serie_A,2017,24/09/2017,20:00,Atletico_GO,Cruzeiro,1,2,A,2.87,3.31,2.67,2.94,3.31,2.73,2.76,3.1,2.6
Brazil,Serie_A,2017,24/09/2017,20:00,Chapecoense-SC,Ponte_Preta,1,0,H,1.93,3.4,4.72,2.09,3.44,4.72,1.92,3.25,4.16
Brazil,Serie_A,2017,24/09/2017,20:00,Coritiba,Botafogo_RJ,2,3,A,2.4,3.1,3.5,2.47,3.13,3.56,2.34,3,3.23
Brazil,Serie_A,2017,24/09/2017,20:00,Fluminense,Palmeiras,0,1,A,3.17,3.47,2.37,3.27,3.47,2.45,3.05,3.23,2.32
Brazil,Serie_A,2017,24/09/2017,23:00,Atletico-MG,Vitoria,1,3,A,1.53,4.52,6.66,1.54,4.59,6.7,1.5,4.25,5.99
Brazil,Serie_A,2017,24/09/2017,23:00,Bahia,Gremio,1,0,H,2.43,3.19,3.33,2.57,3.36,3.33,2.33,3.09,3.15
Brazil,Serie_A,2017,26/09/2017,00:00,Sport_Recife,Vasco,1,1,D,1.85,3.63,4.78,1.92,3.75,4.8,1.81,3.44,4.44
Brazil,Serie_A,2017,30/09/2017,20:00,Bahia,Coritiba,1,1,D,1.93,3.52,4.51,1.94,3.59,4.8,1.86,3.36,4.32
Brazil,Serie_A,2017,30/09/2017,20:00,Vasco,Chapecoense-SC,1,1,D,2.1,3.32,4.05,2.1,3.42,4.32,2.02,3.19,3.89
Brazil,Serie_A,2017,30/09/2017,23:00,Palmeiras,Santos,0,1,A,1.64,3.9,6.28,1.77,3.92,6.3,1.62,3.66,5.71
Brazil,Serie_A,2017,01/10/2017,20:00,Avai,Atletico_GO,0,2,A,2.22,3.33,3.64,2.22,3.38,3.81,2.14,3.19,3.5
Brazil,Serie_A,2017,01/10/2017,20:00,Botafogo_RJ,Vitoria,2,3,A,1.78,3.72,5.18,1.78,3.85,5.4,1.72,3.6,4.83
Brazil,Serie_A,2017,01/10/2017,20:00,Cruzeiro,Corinthians,1,1,D,2.14,3.3,3.91,2.52,3.3,3.91,2.17,3.07,3.6
Brazil,Serie_A,2017,01/10/2017,20:00,Gremio,Fluminense,1,0,H,1.7,3.84,5.62,1.7,4.05,6.34,1.62,3.73,5.56
Brazil,Serie_A,2017,01/10/2017,20:00,Sao_Paulo,Sport_Recife,1,0,H,1.6,4.28,6.04,1.61,4.3,7,1.56,3.99,5.84
Brazil,Serie_A,2017,01/10/2017,23:00,Atletico-PR,Atletico-MG,0,2,A,2.25,3.4,3.47,2.3,3.44,3.51,2.19,3.24,3.33
Brazil,Serie_A,2017,03/10/2017,00:00,Ponte_Preta,Flamengo_RJ,1,0,H,3.61,3.2,2.29,3.78,3.5,2.35,3.36,3.13,2.22
Brazil,Serie_A,2017,07/10/2017,20:00,Cruzeiro,Ponte_Preta,2,1,H,1.63,3.84,6.68,1.63,3.95,7,1.58,3.7,6.17
Brazil,Serie_A,2017,11/10/2017,23:30,Atletico-PR,Atletico_GO,2,2,D,1.6,4.17,6.29,1.63,4.17,6.5,1.57,3.88,5.71
Brazil,Serie_A,2017,11/10/2017,23:30,Botafogo_RJ,Chapecoense-SC,2,1,H,1.76,3.67,5.43,1.79,3.67,5.78,1.73,3.42,5.07
Brazil,Serie_A,2017,12/10/2017,01:00,Corinthians,Coritiba,3,1,H,1.56,4.15,6.9,1.59,4.2,7.46,1.53,3.86,6.46
Brazil,Serie_A,2017,12/10/2017,01:45,Atletico-MG,Sao_Paulo,1,0,H,2.18,3.58,3.47,2.22,3.6,3.7,2.11,3.38,3.37
Brazil,Serie_A,2017,12/10/2017,01:45,Avai,Vasco,1,2,A,2.64,3.13,3.06,2.74,3.2,3.09,2.55,2.99,2.93
Brazil,Serie_A,2017,12/10/2017,01:45,Gremio,Cruzeiro,0,1,A,2.01,3.3,4.44,2.06,3.32,4.44,1.96,3.15,4.14
Brazil,Serie_A,2017,12/10/2017,21:00,Flamengo_RJ,Fluminense,1,1,D,1.65,4.15,5.7,1.66,4.24,6.07,1.6,3.85,5.46
Brazil,Serie_A,2017,12/10/2017,21:00,Ponte_Preta,Santos,1,1,D,2.4,3.22,3.37,2.54,3.22,3.39,2.33,3.08,3.2
Brazil,Serie_A,2017,12/10/2017,21:00,Vitoria,Sport_Recife,1,2,A,2.31,3.56,3.23,2.35,3.56,3.5,2.23,3.33,3.13
Brazil,Serie_A,2017,13/10/2017,01:00,Palmeiras,Bahia,2,2,D,1.57,4.13,6.79,1.61,4.3,8,1.54,3.9,6.25
Brazil,Serie_A,2017,14/10/2017,23:00,Vasco,Botafogo_RJ,1,0,H,2.79,3.15,2.86,2.8,3.25,2.9,2.67,3.01,2.76
Brazil,Serie_A,2017,15/10/2017,01:00,Sao_Paulo,Atletico-PR,2,1,H,1.83,3.67,4.83,1.87,3.7,4.9,1.79,3.46,4.55
Brazil,Serie_A,2017,15/10/2017,20:00,Atletico_GO,Palmeiras,1,3,A,4.1,3.54,2.01,4.11,3.54,2.12,3.72,3.31,2.01
Brazil,Serie_A,2017,15/10/2017,20:00,Chapecoense-SC,Flamengo_RJ,0,1,A,3.71,3.36,2.18,3.81,3.38,2.25,3.47,3.19,2.15
Brazil,Serie_A,2017,15/10/2017,20:00,Fluminense,Avai,1,0,H,1.68,3.79,6.05,1.7,3.88,6.2,1.64,3.61,5.6
Brazil,Serie_A,2017,15/10/2017,20:00,Sport_Recife,Atletico-MG,1,1,D,2.26,3.53,3.34,2.36,3.53,3.34,2.23,3.32,3.14
Brazil,Serie_A,2017,15/10/2017,22:00,Bahia,Corinthians,2,0,H,2.63,3.24,2.96,2.74,3.32,3.02,2.56,3.03,2.87
Brazil,Serie_A,2017,15/10/2017,22:00,Coritiba,Gremio,0,1,A,3.37,3.18,2.42,3.37,3.18,2.6,3.16,3,2.39
Brazil,Serie_A,2017,16/10/2017,23:00,Santos,Vitoria,2,2,D,1.67,4.01,5.71,1.68,4.04,5.79,1.63,3.82,5.22
Brazil,Serie_A,2017,18/10/2017,22:30,Atletico_GO,Vasco,0,1,A,2.65,3.29,2.91,2.66,3.3,3.18,2.48,3.12,2.88
Brazil,Serie_A,2017,18/10/2017,22:30,Coritiba,Cruzeiro,1,0,H,3.52,3.25,2.31,3.52,3.3,2.45,3.19,3.12,2.31
Brazil,Serie_A,2017,19/10/2017,00:00,Atletico-MG,Chapecoense-SC,2,3,A,1.52,4.54,6.9,1.53,4.77,7.49,1.48,4.25,6.46
Brazil,Serie_A,2017,19/10/2017,00:45,Avai,Botafogo_RJ,1,1,D,2.85,3.12,2.83,2.93,3.16,2.85,2.77,2.98,2.68
Brazil,Serie_A,2017,19/10/2017,00:45,Corinthians,Gremio,0,0,D,2.18,3.21,3.91,2.19,3.21,4.2,2.1,3.03,3.84
Brazil,Serie_A,2017,19/10/2017,00:45,Fluminense,Sao_Paulo,3,1,H,2.79,3.46,2.65,2.82,3.46,2.75,2.64,3.23,2.64
Brazil,Serie_A,2017,19/10/2017,23:00,Palmeiras,Ponte_Preta,2,0,H,1.47,4.3,8.79,1.53,4.38,8.79,1.47,4.05,7.27
Brazil,Serie_A,2017,19/10/2017,23:00,Vitoria,Atletico-PR,2,3,A,2.29,3.37,3.44,2.3,3.4,3.52,2.2,3.24,3.3
Brazil,Serie_A,2017,20/10/2017,00:00,Flamengo_RJ,Bahia,4,1,H,1.48,4.44,8.03,1.5,4.55,8.4,1.45,4.13,7.31
Brazil,Serie_A,2017,20/10/2017,00:00,Sport_Recife,Santos,1,1,D,1.99,3.69,3.96,2.07,3.8,4.05,1.95,3.49,3.75
Brazil,Serie_A,2017,21/10/2017,20:00,Vasco,Coritiba,1,1,D,2.05,3.37,4.15,2.09,3.4,4.26,2.01,3.2,3.87
Brazil,Serie_A,2017,22/10/2017,20:00,Atletico-PR,Sport_Recife,2,1,H,1.87,3.67,4.6,1.97,3.74,4.75,1.85,3.44,4.27
Brazil,Serie_A,2017,22/10/2017,20:00,Bahia,Vitoria,2,1,H,2.14,3.42,3.78,2.21,3.47,4.05,2.06,3.29,3.59
Brazil,Serie_A,2017,22/10/2017,20:00,Cruzeiro,Atletico-MG,1,3,A,2.05,3.33,4.25,2.05,3.61,4.33,1.95,3.33,3.95
Brazil,Serie_A,2017,22/10/2017,20:00,Gremio,Palmeiras,1,3,A,2.92,3.07,2.8,3.17,3.21,2.82,2.83,2.99,2.63
Brazil,Serie_A,2017,22/10/2017,20:00,Santos,Atletico_GO,1,0,H,1.53,4.39,7.05,1.55,4.45,8,1.5,4.07,6.6
Brazil,Serie_A,2017,22/10/2017,20:00,Sao_Paulo,Flamengo_RJ,2,0,H,2.46,3.35,3.14,2.46,3.4,3.21,2.33,3.2,3.07
Brazil,Serie_A,2017,22/10/2017,22:00,Chapecoense-SC,Fluminense,2,0,H,2.04,3.61,3.9,2.06,3.66,4.08,1.98,3.38,3.78
Brazil,Serie_A,2017,22/10/2017,22:00,Ponte_Preta,Avai,1,2,A,1.69,3.62,6.27,1.73,3.7,6.27,1.67,3.46,5.55
Brazil,Serie_A,2017,23/10/2017,23:00,Botafogo_RJ,Corinthians,2,1,H,2.76,3.1,2.94,2.81,3.15,3,2.64,2.96,2.83
Brazil,Serie_A,2017,28/10/2017,20:00,Sao_Paulo,Santos,2,1,H,1.97,3.52,4.3,2.04,3.56,4.33,1.93,3.32,4.03
Brazil,Serie_A,2017,28/10/2017,22:00,Flamengo_RJ,Vasco,0,0,D,1.7,3.83,5.62,1.73,3.83,5.8,1.68,3.52,5.3
Brazil,Serie_A,2017,29/10/2017,00:00,Atletico-PR,Chapecoense-SC,0,0,D,1.82,3.71,4.86,1.84,3.71,5.15,1.78,3.47,4.6
Brazil,Serie_A,2017,29/10/2017,19:00,Atletico-MG,Botafogo_RJ,0,0,D,1.68,3.93,5.67,1.74,3.94,5.7,1.65,3.71,5.23
Brazil,Serie_A,2017,29/10/2017,19:00,Fluminense,Bahia,1,1,D,2.17,3.46,3.63,2.17,3.48,3.9,2.04,3.3,3.64
Brazil,Serie_A,2017,29/10/2017,19:00,Ponte_Preta,Corinthians,1,0,H,3.44,3.29,2.32,3.55,3.38,2.41,3.22,3.09,2.3
Brazil,Serie_A,2017,29/10/2017,20:00,Sport_Recife,Coritiba,3,4,A,1.87,3.59,4.71,1.92,3.62,4.71,1.85,3.41,4.3
Brazil,Serie_A,2017,29/10/2017,20:00,Vitoria,Atletico_GO,1,1,D,1.61,4.38,5.66,1.63,4.38,6.5,1.57,4.02,5.46
Brazil,Serie_A,2017,29/10/2017,21:00,Avai,Gremio,2,2,D,2.46,3.09,3.39,2.49,3.1,3.46,2.38,2.95,3.23
Brazil,Serie_A,2017,30/10/2017,22:00,Palmeiras,Cruzeiro,2,2,D,1.76,3.8,5.16,1.76,3.94,5.65,1.69,3.58,5.05
Brazil,Serie_A,2017,04/11/2017,19:00,Santos,Atletico-MG,3,1,H,2.34,3.6,3.13,2.34,3.6,3.5,2.21,3.3,3.2
Brazil,Serie_A,2017,04/11/2017,21:00,Atletico_GO,Sao_Paulo,0,1,A,3.65,3.61,2.11,3.98,3.64,2.11,3.64,3.37,2.02
Brazil,Serie_A,2017,04/11/2017,21:00,Botafogo_RJ,Fluminense,1,2,A,2.03,3.44,4.13,2.06,3.49,4.25,1.99,3.27,3.87
Brazil,Serie_A,2017,04/11/2017,23:00,Coritiba,Avai,4,0,H,1.76,3.68,5.38,1.8,3.72,5.38,1.74,3.5,4.91
Brazil,Serie_A,2017,05/11/2017,19:00,Corinthians,Palmeiras,3,2,H,2.42,3.21,3.34,2.45,3.24,3.4,2.33,3.06,3.21
Brazil,Serie_A,2017,05/11/2017,19:00,Cruzeiro,Atletico-PR,1,0,H,1.86,3.42,5.09,1.89,3.5,5.25,1.8,3.34,4.71
Brazil,Serie_A,2017,05/11/2017,19:00,Gremio,Flamengo_RJ,3,1,H,2.38,3.16,3.49,2.39,3.16,3.59,2.28,3.01,3.37
Brazil,Serie_A,2017,05/11/2017,20:00,Bahia,Ponte_Preta,2,0,H,1.75,3.69,5.47,1.78,3.69,5.75,1.7,3.48,5.2
Brazil,Serie_A,2017,05/11/2017,21:00,Chapecoense-SC,Sport_Recife,1,1,D,2.29,3.33,3.46,2.41,3.41,3.9,2.22,3.23,3.25
Brazil,Serie_A,2017,05/11/2017,21:00,Vasco,Vitoria,1,1,D,2.15,3.49,3.65,2.19,3.5,3.86,2.09,3.3,3.5
Brazil,Serie_A,2017,08/11/2017,21:30,Avai,Bahia,1,2,A,2.9,3.17,2.75,2.9,3.2,2.84,2.74,3.04,2.67
Brazil,Serie_A,2017,08/11/2017,21:30,Ponte_Preta,Gremio,0,1,A,2.3,3.22,3.57,2.35,3.28,3.57,2.25,3.05,3.39
Brazil,Serie_A,2017,08/11/2017,23:00,Atletico-PR,Corinthians,0,1,A,2.49,3.16,3.25,2.81,3.18,3.25,2.51,3,2.97
Brazil,Serie_A,2017,08/11/2017,23:00,Sport_Recife,Botafogo_RJ,1,2,A,2.03,3.53,4.01,2.07,3.56,4.02,2,3.37,3.69
Brazil,Serie_A,2017,08/11/2017,23:45,Flamengo_RJ,Cruzeiro,2,0,H,1.75,3.75,5.36,1.9,3.78,5.38,1.73,3.52,4.9
Brazil,Serie_A,2017,08/11/2017,23:45,Santos,Vasco,1,2,A,1.57,4.24,6.54,1.6,4.25,6.6,1.55,3.95,5.88
Brazil,Serie_A,2017,08/11/2017,23:45,Vitoria,Palmeiras,3,1,H,2.88,3.51,2.54,3,3.58,2.6,2.8,3.28,2.45
Brazil,Serie_A,2017,09/11/2017,22:00,Atletico-MG,Atletico_GO,3,2,H,1.33,5.57,10.87,1.34,5.94,12,1.3,5.26,9.64
Brazil,Serie_A,2017,09/11/2017,22:00,Sao_Paulo,Chapecoense-SC,2,2,D,1.61,3.99,6.53,1.64,4.08,6.7,1.57,3.82,5.95
Brazil,Serie_A,2017,09/11/2017,23:00,Fluminense,Coritiba,2,2,D,1.99,3.5,4.21,2.01,3.54,4.41,1.93,3.37,3.98
Brazil,Serie_A,2017,11/11/2017,19:00,Botafogo_RJ,Atletico-PR,0,1,A,2.1,3.38,3.94,2.15,3.44,4.04,2.04,3.21,3.76
Brazil,Serie_A,2017,11/11/2017,21:00,Corinthians,Avai,1,0,H,1.46,4.52,8.37,1.46,4.64,9.5,1.41,4.36,7.83
Brazil,Serie_A,2017,12/11/2017,19:00,Atletico_GO,Sport_Recife,2,0,H,3.29,3.5,2.3,3.29,3.5,2.4,3.04,3.3,2.3
Brazil,Serie_A,2017,12/11/2017,19:00,Gremio,Vitoria,1,1,D,1.95,3.64,4.16,1.96,3.85,5.25,1.85,3.52,4.17
Brazil,Serie_A,2017,12/11/2017,19:00,Palmeiras,Flamengo_RJ,2,0,H,2.03,3.62,3.9,2.04,3.62,4.07,1.97,3.41,3.76
Brazil,Serie_A,2017,12/11/2017,19:00,Vasco,Sao_Paulo,1,1,D,3.02,3.29,2.57,3.02,3.29,2.72,2.86,3.1,2.53
Brazil,Serie_A,2017,12/11/2017,20:00,Bahia,Atletico-MG,2,2,D,2.15,3.57,3.57,2.2,3.57,4,2.07,3.39,3.47
Brazil,Serie_A,2017,12/11/2017,21:00,Coritiba,Ponte_Preta,1,1,D,1.85,3.65,4.76,1.94,3.82,4.95,1.82,3.45,4.39
Brazil,Serie_A,2017,12/11/2017,21:00,Cruzeiro,Fluminense,3,1,H,1.68,3.81,5.96,1.77,3.85,5.96,1.68,3.59,5.18
Brazil,Serie_A,2017,13/11/2017,22:00,Chapecoense-SC,Santos,2,0,H,2.43,3.24,3.28,2.6,3.32,3.47,2.31,3.11,3.19
Brazil,Serie_A,2017,15/11/2017,19:00,Ponte_Preta,Atletico-PR,2,1,H,2.12,3.35,3.93,2.19,3.52,3.93,2.08,3.23,3.61
Brazil,Serie_A,2017,15/11/2017,21:30,Cruzeiro,Avai,2,2,D,1.53,4.25,7.23,1.53,4.35,8,1.49,4.03,6.83
Brazil,Serie_A,2017,15/11/2017,21:30,Gremio,Sao_Paulo,1,0,H,2.04,3.31,4.32,2.07,3.38,4.5,1.98,3.21,4.01
Brazil,Serie_A,2017,15/11/2017,23:45,Corinthians,Fluminense,3,1,H,1.58,4.01,6.93,1.61,4.1,7.02,1.55,3.86,6.13
Brazil,Serie_A,2017,15/11/2017,23:45,Vasco,Atletico-MG,1,1,D,2.77,3.33,2.76,2.77,3.35,2.86,2.64,3.16,2.69
Brazil,Serie_A,2017,16/11/2017,22:00,Botafogo_RJ,Atletico_GO,1,2,A,1.5,4.43,7.51,1.53,4.43,7.51,1.49,4.09,6.68
Brazil,Serie_A,2017,16/11/2017,22:00,Chapecoense-SC,Vitoria,2,1,H,2.6,3.3,2.96,2.63,3.36,3.1,2.43,3.19,2.92
Brazil,Serie_A,2017,16/11/2017,22:00,Palmeiras,Sport_Recife,5,1,H,1.57,4.47,6.09,1.59,4.47,6.3,1.54,4.2,5.61
Brazil,Serie_A,2017,16/11/2017,23:00,Bahia,Santos,3,1,H,1.93,3.53,4.35,2.08,3.65,4.4,1.9,3.44,4.01
Brazil,Serie_A,2017,16/11/2017,23:00,Coritiba,Flamengo_RJ,1,0,H,3.11,3.27,2.51,3.14,3.28,2.62,2.92,3.11,2.48
Brazil,Serie_A,2017,19/11/2017,19:00,Atletico_GO,Chapecoense-SC,1,1,D,2.5,3.44,2.99,2.59,3.44,3,2.45,3.24,2.85
Brazil,Serie_A,2017,19/11/2017,19:00,Flamengo_RJ,Corinthians,3,0,H,1.67,3.89,5.88,1.78,3.9,6,1.64,3.68,5.44
Brazil,Serie_A,2017,19/11/2017,19:00,Sao_Paulo,Botafogo_RJ,0,0,D,2.18,3.38,3.71,2.23,3.5,3.9,2.1,3.27,3.52
Brazil,Serie_A,2017,19/11/2017,19:00,Sport_Recife,Bahia,1,0,H,1.88,3.98,4.15,2.1,3.98,4.2,1.96,3.57,3.66
Brazil,Serie_A,2017,19/11/2017,19:00,Vitoria,Cruzeiro,1,1,D,1.89,3.76,4.36,2.07,3.76,4.38,1.97,3.46,3.73
Brazil,Serie_A,2017,19/11/2017,21:00,Atletico-MG,Coritiba,3,0,H,1.55,4.42,6.54,1.61,4.42,6.54,1.55,4.08,5.76
Brazil,Serie_A,2017,19/11/2017,21:00,Atletico-PR,Vasco,3,1,H,2.03,3.39,4.21,2.14,3.44,4.21,2.02,3.26,3.79
Brazil,Serie_A,2017,19/11/2017,21:00,Santos,Gremio,1,0,H,1.5,4.4,7.62,1.55,4.4,7.7,1.49,4.07,6.79
Brazil,Serie_A,2017,20/11/2017,19:00,Fluminense,Ponte_Preta,2,0,H,1.88,3.46,4.9,1.9,3.65,4.9,1.82,3.42,4.46
Brazil,Serie_A,2017,20/11/2017,22:00,Avai,Palmeiras,2,1,H,4.04,3.56,1.99,4.06,3.76,2.06,3.68,3.48,1.97
Brazil,Serie_A,2017,25/11/2017,19:00,Fluminense,Sport_Recife,1,2,A,2.21,3.5,3.49,2.33,3.53,3.5,2.16,3.37,3.25
Brazil,Serie_A,2017,26/11/2017,19:00,Avai,Atletico-PR,1,0,H,2.77,3.4,2.7,2.77,3.4,3,2.58,3.2,2.72
Brazil,Serie_A,2017,26/11/2017,19:00,Corinthians,Atletico-MG,2,2,D,2.22,3.56,3.42,2.24,3.56,3.6,2.16,3.35,3.27
Brazil,Serie_A,2017,26/11/2017,19:00,Coritiba,Sao_Paulo,1,2,A,2,3.5,4.16,2.05,3.54,4.3,1.95,3.37,3.92
Brazil,Serie_A,2017,26/11/2017,19:00,Cruzeiro,Vasco,0,1,A,1.97,3.52,4.21,2.01,3.7,4.32,1.91,3.47,3.95
Brazil,Serie_A,2017,26/11/2017,19:00,Gremio,Atletico_GO,1,1,D,1.78,3.64,5.28,1.81,3.68,5.65,1.73,3.5,4.94
Brazil,Serie_A,2017,26/11/2017,19:00,Ponte_Preta,Vitoria,2,3,A,2.18,3.63,3.43,2.21,3.63,3.6,2.12,3.34,3.38
Brazil,Serie_A,2017,26/11/2017,21:00,Bahia,Chapecoense-SC,0,1,A,1.73,4.01,5.04,1.75,4.06,5.34,1.69,3.77,4.82
Brazil,Serie_A,2017,26/11/2017,21:00,Flamengo_RJ,Santos,1,2,A,1.61,3.96,6.59,1.76,3.96,6.59,1.62,3.68,5.7
Brazil,Serie_A,2017,27/11/2017,22:00,Palmeiras,Botafogo_RJ,2,0,H,1.72,3.91,5.29,1.82,3.96,5.29,1.73,3.68,4.61
Brazil,Serie_A,2017,03/12/2017,19:00,Atletico_GO,Fluminense,1,1,D,2.33,3.63,3.12,2.6,3.63,3.2,2.34,3.39,2.91
Brazil,Serie_A,2017,03/12/2017,19:00,Atletico-MG,Gremio,4,3,H,1.27,6.34,12.91,1.29,6.6,15,1.24,5.83,11.71
Brazil,Serie_A,2017,03/12/2017,19:00,Atletico-PR,Palmeiras,3,0,H,2.88,3.61,2.49,3,3.61,2.5,2.8,3.38,2.41
Brazil,Serie_A,2017,03/12/2017,19:00,Botafogo_RJ,Cruzeiro,2,2,D,1.77,3.62,5.44,1.81,3.67,5.44,1.75,3.47,4.83
Brazil,Serie_A,2017,03/12/2017,19:00,Chapecoense-SC,Coritiba,2,1,H,2.18,3.56,3.48,2.21,3.57,3.7,2.11,3.39,3.35
Brazil,Serie_A,2017,03/12/2017,19:00,Santos,Avai,1,1,D,2.05,3.79,3.67,2.08,3.79,3.8,1.98,3.58,3.54
Brazil,Serie_A,2017,03/12/2017,19:00,Sao_Paulo,Bahia,1,1,D,1.71,4.07,5.12,1.73,4.1,5.22,1.67,3.8,4.89
Brazil,Serie_A,2017,03/12/2017,19:00,Sport_Recife,Corinthians,1,0,H,1.38,5.36,8.71,1.42,5.36,8.71,1.37,4.78,7.73
Brazil,Serie_A,2017,03/12/2017,19:00,Vasco,Ponte_Preta,2,1,H,1.36,5.25,10.2,1.4,5.31,10.5,1.33,4.81,9.27
Brazil,Serie_A,2017,03/12/2017,19:00,Vitoria,Flamengo_RJ,1,2,A,2.27,3.59,3.27,2.29,3.59,3.7,2.16,3.42,3.24
